StudentId,Target
521,female
737,female
740,female
660,female
411,female
678,female
626,female
513,female
859,female
136,female
811,female
76,female
636,female
973,female
938,female
899,female
280,female
883,female
761,female
319,female
549,female
174,female
371,female
527,female
210,female
235,female
101,female
986,female
902,female
947,female
346,female
139,female
621,female
499,female
370,female
198,female
687,female
584,female
901,female
59,female
328,female
96,female
312,female
974,female
299,female
277,female
924,female
601,female
439,female
837,female
570,female
879,female
261,female
578,female
23,female
30,female
617,female
10,female
221,female
820,female
296,female
54,female
542,female
209,female
604,female
692,female
662,female
866,female
70,female
543,female
107,female
493,female
590,female
741,female
292,female
289,female
652,female
39,female
589,female
307,female
679,female
66,female
275,female
67,female
318,female
548,female
998,female
714,female
753,female
327,female
382,female
451,female
522,female
218,female
787,female
436,female
764,female
88,female
63,female
826,female
716,female
351,female
936,female
256,female
635,female
644,female
554,female
959,female
168,female
917,female
528,female
823,female
985,female
816,female
86,female
432,female
184,female
978,female
534,female
294,female
892,female
425,female
713,female
260,female
237,female
559,female
583,female
445,female
867,female
800,female
599,female
849,female
265,female
995,female
529,female
55,female
120,female
215,female
25,female
72,female
44,female
247,female
721,female
281,female
893,female
914,female
810,female
244,female
822,female
321,female
643,female
158,female
977,female
429,female
941,female
462,female
309,female
697,female
60,female
884,female
595,female
767,female
649,female
650,female
865,female
668,female
298,female
689,female
314,female
310,female
361,female
479,female
110,female
989,female
486,female
363,female
254,female
259,female
802,female
677,female
494,female
670,female
377,female
526,female
845,female
137,female
355,female
365,female
942,female
749,female
948,female
829,female
656,female
199,female
213,female
408,female
332,female
208,female
613,female
78,female
